<?xml version="1.0" encoding="utf-8"?>
<odoo>

    <data noupdate="1">
        <record id="unique_sequence_id" model="ir.sequence">
            <field name="name">Sequence Name Goes Here</field>
            <field name="code">bike.rental.sequence.code</field>
            <field name="active">TRUE</field>
            <field name="prefix">RO</field>
            <field name="padding">5</field>
            <field name="number_next">1</field>
            <field name="number_increment">1</field>
            <field name="company_id" eval="False"/>
        </record>
    </data>
</odoo>
