id,name,model_id:id,group_id:id,perm_read,perm_write,perm_create,perm_unlink
bike_category_id,bike_category_name,model_bike_category,base.group_user,1,1,1,1
bike_product_id,bike_product_name,model_bike_product,base.group_user,1,1,1,1
bike_brands_id,bike_brands_name,model_bike_brands,base.group_user,1,1,1,1
bike_customer_id,bike_customer_name,model_bike_customer,base.group_user,1,1,1,1
bike_order_id,bike_order_name,model_bike_order,base.group_user,1,1,1,1
bike_staff_id,bike_staff_name,model_bike_staff,base.group_user,1,1,1,1
bike_store_id,bike_store_name,model_bike_store,base.group_user,1,1,1,1
